{
  "event_id": "T2-2022-02-03-Kp767",
  "kp_swpc_predicted": "G0",
  "kp_gfz_observed": 7,
  "kp_swpc_observed": 7.67,
  "bucket_predicted": 0,
  "bucket_observed": 3,
  "predicted_distribution": [
    0.16666666666666666,
    0.16666666666666666,
    0.16666666666666666,
    0.16666666666666666,
    0.16666666666666666,
    0.16666666666666666
  ],
  "brier_score": 0.13888888888888892,
  "gfz_swpc_delta": 0.6699999999999999,
  "regression_tier_eligible": true
}