{
  "event_id": "T2-2017-09-08-Kp8",
  "kp_swpc_predicted": "G0",
  "kp_gfz_observed": 8,
  "kp_swpc_observed": 8.33,
  "bucket_predicted": 0,
  "bucket_observed": 4,
  "predicted_distribution": [
    0.16666666666666666,
    0.16666666666666666,
    0.16666666666666666,
    0.16666666666666666,
    0.16666666666666666,
    0.16666666666666666
  ],
  "brier_score": 0.1388888888888889,
  "gfz_swpc_delta": 0.33000000000000007,
  "regression_tier_eligible": true
}