{
  "event_id": "T2-2024-05-11-Kp9",
  "kp_swpc_predicted": "G0",
  "kp_gfz_observed": 9,
  "kp_swpc_observed": 9,
  "bucket_predicted": 0,
  "bucket_observed": 5,
  "predicted_distribution": [
    0.16666666666666666,
    0.16666666666666666,
    0.16666666666666666,
    0.16666666666666666,
    0.16666666666666666,
    0.16666666666666666
  ],
  "brier_score": 0.13888888888888892,
  "gfz_swpc_delta": 0,
  "regression_tier_eligible": true
}