{
  "event_id": "T2-2023-04-23-Kp767",
  "kp_swpc_predicted": "G0",
  "kp_gfz_observed": 7.33,
  "kp_swpc_observed": 7.67,
  "bucket_predicted": 0,
  "bucket_observed": 3,
  "predicted_distribution": [
    0.16666666666666666,
    0.16666666666666666,
    0.16666666666666666,
    0.16666666666666666,
    0.16666666666666666,
    0.16666666666666666
  ],
  "brier_score": 0.13888888888888892,
  "gfz_swpc_delta": 0.33999999999999986,
  "regression_tier_eligible": true
}